{"piezasBodega":[],"piezasPasadas":[{"codigo":"00592722","lugarCreacion":"roma","anoCreacion":"2000","propietario":"camilo","consignacion":"2024-07-27","lugar":"Bodega","precioCompra":10000,"titulo":"born","autor":"pepw"},{"codigo":"30925783","lugarCreacion":"loma","anoCreacion":"2000","propietario":"Esteban","consignacion":"2024-07-31","lugar":"Bodega","precioCompra":10000,"titulo":"papa","autor":"pepe"},{"codigo":"00592722","lugarCreacion":"roma","anoCreacion":"2000","propietario":"camilo","consignacion":"2024-07-27","lugar":"Bodega","precioCompra":10000,"titulo":"born","autor":"pepw"},{"codigo":"30925783","lugarCreacion":"loma","anoCreacion":"2000","propietario":"Esteban","consignacion":"2024-07-31","lugar":"Bodega","precioCompra":10000,"titulo":"papa","autor":"pepe"},{"codigo":"00592722","lugarCreacion":"roma","anoCreacion":"2000","propietario":"camilo","consignacion":"2024-07-27","lugar":"Bodega","precioCompra":10000,"titulo":"born","autor":"pepw"},{"codigo":"70074432","lugarCreacion":"venecia","anoCreacion":"1950","propietario":"camilo","consignacion":"2024-08-02","lugar":"Bodega","precioCompra":10000,"titulo":"Mona","autor":"Lisa"},{"codigo":"30925783","lugarCreacion":"loma","anoCreacion":"2000","propietario":"Esteban","consignacion":"2024-07-31","lugar":"Bodega","precioCompra":10000,"titulo":"papa","autor":"pepe"}],"piezasColeccion":[]}