[{"password":"1234","compras":[{"pieza":{"codigo":"00592722","lugarCreacion":"roma","anoCreacion":"2000","consignacion":"2024-07-27","lugar":"Bodega","precioCompra":10000,"titulo":"born","autor":"pepw"},"valor":10000},{"pieza":{"codigo":"30925783","lugarCreacion":"loma","anoCreacion":"2000","consignacion":"2024-07-31","lugar":"Bodega","precioCompra":10000,"titulo":"papa","autor":"pepe"},"valor":10000},{"pieza":{"codigo":"00592722","lugarCreacion":"roma","anoCreacion":"2000","consignacion":"2024-07-27","lugar":"Bodega","precioCompra":10000,"titulo":"born","autor":"pepw"},"valor":10000},{"pieza":{"codigo":"70074432","lugarCreacion":"venecia","anoCreacion":"1950","consignacion":"2024-08-02","lugar":"Bodega","precioCompra":10000,"titulo":"Mona","autor":"Lisa"},"valor":10000}],"piezas":[{"codigo":"00592722","lugarCreacion":"roma","anoCreacion":"2000","consignacion":"2024-07-27","lugar":"Bodega","precioCompra":10000,"titulo":"born","autor":"pepw"},{"codigo":"70074432","lugarCreacion":"venecia","anoCreacion":"1950","consignacion":"2024-08-02","lugar":"Bodega","precioCompra":10000,"titulo":"Mona","autor":"Lisa"}],"maximo":50000,"saldo":190000,"login":"camilo","nombre":"camilo","piezasPasadas":[{"codigo":"00592722","lugarCreacion":"roma","anoCreacion":"2000","consignacion":"2024-07-27","lugar":"Bodega","precioCompra":10000,"titulo":"born","autor":"pepw"},{"codigo":"30925783","lugarCreacion":"loma","anoCreacion":"2000","consignacion":"2024-07-31","lugar":"Bodega","precioCompra":10000,"titulo":"papa","autor":"pepe"},{"codigo":"00592722","lugarCreacion":"roma","anoCreacion":"2000","consignacion":"2024-07-27","lugar":"Bodega","precioCompra":10000,"titulo":"born","autor":"pepw"},{"codigo":"30925783","lugarCreacion":"loma","anoCreacion":"2000","consignacion":"2024-07-31","lugar":"Bodega","precioCompra":10000,"titulo":"papa","autor":"pepe"}]},{"password":"1234","compras":[{"pieza":{"codigo":"00592722","lugarCreacion":"roma","anoCreacion":"2000","consignacion":"2024-07-27","lugar":"Bodega","precioCompra":10000,"titulo":"born","autor":"pepw"},"valor":10000},{"pieza":{"codigo":"30925783","lugarCreacion":"loma","anoCreacion":"2000","consignacion":"2024-07-31","lugar":"Bodega","precioCompra":10000,"titulo":"papa","autor":"pepe"},"valor":10000}],"piezas":[],"maximo":55000,"saldo":15000,"login":"juan","nombre":"juan perez","piezasPasadas":[{"codigo":"00592722","lugarCreacion":"roma","anoCreacion":"2000","consignacion":"2024-07-27","lugar":"Bodega","precioCompra":10000,"titulo":"born","autor":"pepw"},{"codigo":"30925783","lugarCreacion":"loma","anoCreacion":"2000","consignacion":"2024-07-31","lugar":"Bodega","precioCompra":10000,"titulo":"papa","autor":"pepe"}]},{"password":"1234","compras":[{"pieza":{"codigo":"30925783","lugarCreacion":"loma","anoCreacion":"2000","consignacion":"2024-07-31","lugar":"Bodega","precioCompra":10000,"titulo":"papa","autor":"pepe"},"valor":10000}],"piezas":[{"codigo":"30925783","lugarCreacion":"loma","anoCreacion":"2000","consignacion":"2024-07-31","lugar":"Bodega","precioCompra":10000,"titulo":"papa","autor":"pepe"}],"maximo":30000,"saldo":10000,"login":"Esteban","nombre":"Esteban","piezasPasadas":[{"codigo":"70074432","lugarCreacion":"venecia","anoCreacion":"1950","consignacion":"2024-08-02","lugar":"Bodega","precioCompra":10000,"titulo":"Mona","autor":"Lisa"}]}]